{
  "project_info": {
    "project_number": "668515590420",
    "project_id": "sarkarilibrary-ad3d0",
    "storage_bucket": "sarkarilibrary-ad3d0.appspot.com"
  },
  "client": [
    {
      "client_info": {
        "mobilesdk_app_id": "1:668515590420:android:61b8a378d0f51273c7a201",
        "android_client_info": {
          "package_name": "com.mt.sarkaribook"
        }
      },
      "oauth_client": [
        {
          "client_id": "668515590420-10rcosp77d8cqa2n9570hfm5ooui55lo.apps.googleusercontent.com",
          "client_type": 1,
          "android_info": {
            "package_name": "com.mt.sarkaribook",
            "certificate_hash": "db449ad38e0855d46b5affd463800ab43c0a1626"
          }
        },
        {
          "client_id": "668515590420-2o55051nojl729fjpb4ck4ru8s7e24nu.apps.googleusercontent.com",
          "client_type": 3
        }
      ],
      "api_key": [
        {
          "current_key": "AIzaSyDzCLhFxELAhlfhkyEKBJgjk5URxyASRuE"
        }
      ],
      "services": {
        "appinvite_service": {
          "other_platform_oauth_client": [
            {
              "client_id": "668515590420-2o55051nojl729fjpb4ck4ru8s7e24nu.apps.googleusercontent.com",
              "client_type": 3
            }
          ]
        }
      }
    }
  ],
  "configuration_version": "1"
}